State, PC No. ,PC Name ,Category ,Winner,Gender,Party,Vote,Runner Up,Gender,Party,Vote
Andhra Pradesh,1,Adilabad,(ST),Ramesh Rathod,M,TDP,372268,Kotnak Ramesh,M,INC,257181
Andhra Pradesh,2,Peddapalli,(SC),Dr. Gaddam Vivekanand,M,INC,313748,Gomasa Srinivas,M,TRS,264731
Andhra Pradesh,3,Karimnagar,GEN,Ponnam Prabhakar,M,INC,317927,Vinod Kumar Boinapally,M,TRS,267684
Andhra Pradesh,4,Nizamabad,GEN,Madhu Goud Yaskhi,M,INC,296504,Bigala Ganesh Gupta,M,TRS,236114
Andhra Pradesh,5,Zahirabad,GEN,Suresh Kumar Shetkar,M,INC,395767,Syed Yousuf Ali,M,TRS,378360
Andhra Pradesh,6,Medak,GEN,Smt. M. Vijaya Shanthi,F,TRS,388839,Narendranath .C,M,INC,382762
Andhra Pradesh,7,Malkajgiri,GEN,Sathyanarayana Sarvey,M,INC,388368,Bheemsen.T,M,TDP,295042
Andhra Pradesh,8,Secunderabad,GEN,M. Anjan Kumar Yadav,M,INC,340549,Bandaru Dattatreya,M,BJP,170382
Andhra Pradesh,9,Hyderabad,GEN,Asaduddin Owaisi,M,AIMIM,308061,Zahid Ali Khan,M,TDP,194196
Andhra Pradesh,10,Chelvella,GEN,Jaipal Sudini Reddy,M,INC,420807,A.P.Jithender Reddy,M,TDP,402275
Andhra Pradesh,11,Mahabubnagar,GEN,Kalva Kuntla Chandrasekhar Rao,M,TRS,366569,Devarakonda Vittal Rao,M,INC,346385
Andhra Pradesh,12,Nagarkurnool,(SC),Dr. M. Jagannath,M,INC,422745,Guvvala Balaraju,M,TRS,374978
Andhra Pradesh,13,Nalgonda,GEN,Sukender Reddy Gutha,M,INC,493849,Suravaram Sudhakar Reddy,M,CPI,340867
Andhra Pradesh,14,Bhongir,GEN,Komatireddy Raj Gopal Reddy,M,INC,504103,Nomula Narsimhaiah,M,CPM,364215
Andhra Pradesh,15,Warangal,(SC),Rajaiah Siricilla,M,INC,396568,Ramagalla Parameshwar,M,TRS,271907
Andhra Pradesh,16,Mahabubabad,(ST),Porika Balram Naik,M,INC,394447,Kunja Srinivasa Rao,M,CPI,325490
Andhra Pradesh,17,Khammam,GEN,Nama Nageswara Rao,M,TDP,469368,Renuka Chowdhury,M,INC,344920
Andhra Pradesh,18,Araku,(ST),V. Kishore Chandra Deo,M,INC,360458,Midiyam Babu Rao,M,CPM,168014
Andhra Pradesh,19,Srikakulam,GEN,Dr. Kruparani Killi,F,INC,387694,Yerrnnaidu Kinjarapu,M,TDP,304707
Andhra Pradesh,20,Vizianagaram,GEN,"Dr. Jhansi Lakshmi Botcha ,",F,INC,411584,Appalanaidu Kondapalli,M,TDP,351013
Andhra Pradesh,21,Visakhapatnam,GEN,Smt. Daggubati Purandeswari,F,INC,368812,Palla Srinivasa Rao,M,PRAP,302126
Andhra Pradesh,22,Anakapalli,GEN,Sabbam Hari,M,INC,369968,Nookarapu Surya Prakasa Rao,M,TDP,317056
Andhra Pradesh,23,Kakinada,GEN,Dr. M. Mangapati Pallam Raju,M,INC,323607,Chalamalasetty Sunil,M,PRAP,289563
Andhra Pradesh,24,Amalapuram,(SC),G.V. Harsha Kumar,M,INC,368501,Pothula Prameela Devi,F,PRAP,328496
Andhra Pradesh,25,Rajahmundry,GEN,Aruna Kumar Vundavalli,M,INC,357449,M. Murali Mohan,M,TDP,355302
Andhra Pradesh,26,Kurnool,GEN,Kotla Jaya Surya Prakash Reddy,M,INC,382668,B.T.Naidu,M,TDP,308895
Andhra Pradesh,27,Narsapuram,GEN,Bapi Raju Kanumuri,M,INC,389422,Thota Sita Rama Lakshmi,F,TDP,274732
Andhra Pradesh,28,Eluru,GEN,Dr. Kavuri Samba Siva Rao,M,INC,423777,Maganti Venkateswara Rao (Babu),M,TDP,380994
Andhra Pradesh,29,Machilipatnam,GEN,Konakalla Narayana Rao,M,TDP,409936,Badiga Ramakrishna,M,INC,397480
Andhra Pradesh,30,Vijayawada,GEN,Rajagopal Lagadapati,M,INC,429394,Vamsi Mohan Vallabhaneni,M,TDP,416682
Andhra Pradesh,31,Guntur,GEN,Rayapati Sambasiva Rao,M,INC,403937,Madala Rajendra,M,TDP,364582
Andhra Pradesh,32,Narasaraopet,GEN,Modugula Venugopala Reddy,M,TDP,463358,Balashowry Vallabhaneni,M,INC,461751
Andhra Pradesh,33,Bapatla,(SC),Smt. Lakshmi Panabaka,F,INC,460757,Malyadri Sriram,M,TDP,391419
Andhra Pradesh,34,Ongole,GEN,Magunta Sreenivasulu Reddy,M,INC,450442,Madduluri Malakondaiah Yadav,M,TDP,371919
Andhra Pradesh,35,Nandyal,GEN,S.P.Y. Reddy,M,INC,400023,Nasyam Mohammed Farook,M,TDP,309176
Andhra Pradesh,36,Anantapur,GEN,Anantha Venkatarami Reddy,M,INC,457876,Kalava Srinivasulu,M,TDP,379955
Andhra Pradesh,37,Hindupur,GEN,Kristappa Nimmala,M,TDP,435753,P Khasim Khan,M,INC,412918
Andhra Pradesh,38,Kadapa,GEN,Y. S. Jagan Mohan Reddy,M,YSRCP,542611,Palem Srikanth Reddy,M,TDP,363765
Andhra Pradesh,<b>By Polls (2011)</b>,Kadapa,GEN,Y.S.J.M. Reddy,M,YSRCP,692251,D.L.R. Reddy,M,INC,146579
Andhra Pradesh,39,Nellore,GEN,Mekapati Rajamohan Reddy,M,YSRCP,430235,Vanteru Venu Gopala Reddy,M,TDP,375242
Andhra Pradesh,<b>By Polls (2012)</b>,Nellore,GEN,M.K.Reddy,M,YSRCP,535436,T. S. Reddy,M,INC,243691
Andhra Pradesh,40,Tirupati,(SC),Dr. Chinta Mohan,M,INC,428403,Varla Ramaiah,M,TDP,409127
Andhra Pradesh,41,Rajampet,GEN,Sai Prathap Annayyagari,M,INC,423910,Ramesh Kumar Reddy Reddappagari,M,TDP,313533
Andhra Pradesh,42,Chittoor,(SC),Dr. Naramalli Sivaprasad,M,TDP,434376,Thippeswamy M,M,INC,423717
Andaman and Nicobar Islands,1,Andaman & Nicobar Islands,GEN,Bishnu Pada Ray,M,BJP,75211,Shri. Kuldeep Rai Sharma,M,INC,72221
Arunachal Pradesh,1,Arunachal West,(ST),Takam Sanjoy,M,INC,140443,Kiren Rijiju,M,BJP,139129
Arunachal Pradesh,2,Arunachal East,(ST),Ninong Ering,M,INC,115423,Tapir Gao,M,BJP,46974
Assam,1,Karimganj,(SC),Lalit Mohan Suklabaidya,M,INC,259717,Rajesh Mallah,M,AUDF,251797
Assam,2,Silchar,GEN,Kabindra Purkayastha,M,BJP,243532,Badruddin Ajmal,M,AUDF,202062
Assam,3,Autonomous District,(ST),Biren Singh Engti,M,INC,197835,Elwin Teron,M,ASDC,123287
Assam,4,Dhubri,GEN,Maulana Badruddin Ajmal,M,AUDF,540820,Anwar Hussain,M,INC,356401
Assam,5,Kokrajhar,(ST),Sansuma Khunggur Bwiswmuthiary,M,BOPF,495211,Urkhao Gwra Brahma,M,IND,304889
Assam,6,Barpeta,GEN,Ismail Hussain,M,INC,322137,Bhupen Ray,M,AGP,291708
Assam,7,Gauhati,GEN,Smt. Bijoya Chakravarty ,F,BJP,496047,Capt. Robin Bordoloi,M,INC,484192
Assam,8,Mangaldoi,GEN,Ramen Deka,M,BJP,307881,Madhab Rajbangshi,M,INC,252032
Assam,9,Tezpur,GEN,Joseph Toppo,M,AGP,352246,Moni Kumar Subba,M,INC,322093
Assam,10,Nawgong,GEN,Rajen Gohain,M,BJP,380921,Anil Raja,M,INC,335541
Assam,11,Kaliabor,GEN,Dip Gogoi,M,INC,434676,Gunin Hazarika,M,AGP,282687
Assam,12,Jorhat,GEN,Bijoy Krishna Handique,M,INC,362320,Kamakhya Tasa,M,BJP,290406
Assam,13,Dibrugarh,(ST),Paban Singh Ghatowar,M,INC,359163,Sarbananda Sonowal,M,AGP,324020
Assam,14,Lakhimpur,GEN,Smt. Ranee Narah,F,INC,352330,Dr. Arun Kr. Sarma,M,AGP,307758
Bihar,1,Valmiki Nagar,GEN,Baidyanath Prasad Mahto,M,JD(U),277696,Fakhruddin,M,IND,94021
Bihar,2,Paschim Champaran,GEN,Dr. Sanjay Jaiswal,M,BJP,198781,Prakash Jha,M,LJP,151438
Bihar,3,Purvi Champaran,GEN,Radha Mohan Singh,M,BJP,201114,Akhilesh Prasad Singh,M,RJD,121824
Bihar,4,Sheohar,GEN,Smt. Rama Devi,F,BJP,233499,Md. Anwarul Haque,M,BSP,107815
Bihar,5,Sitamarhi,GEN,Dr. Arjun Roy,M,JD(U),232782,Samir Kumar Mahaseth,M,INC,122216
Bihar,6,Madhubani,GEN,Hukmdev Narayan Yadav,M,BJP,164094,Abdulbari Siddiki,M,RJD,154167
Bihar,7,Jhanjharpur,GEN,Mangani Lal Mandal,M,JD(U),265175,Devendra Prasad Yadav,M,RJD,192466
Bihar,8,Supaul,GEN,Vishwa Mohan Kumar,M,JD(U),313677,Ranjeet Ranjan,M,INC,147602
Bihar,9,Araria,GEN,Pradeep Kumar Singh,M,BJP,282742,Zakir Hussain Khan,M,LJP,260240
Bihar,10,Kishanganj,GEN,Maulana Asrarul Haque Mohammad ,M,INC,239405,Syed Mahmood Ashraf,M,JD(U),159136
Bihar,11,Katihar,GEN,Nikhil Kumar Choudhary,M,BJP,269834,Harish Choudhar,M,NCP,255819
Bihar,12,Purnia,GEN,Uday Singh,M,BJP,362952,Shanti Priya,M,IND,176725
Bihar,13,Madhepura,GEN,Sharad Yadav,M,JD(U),370585,Prof. Ravindra Charan Yadav,M,RJD,192964
Bihar,14,Darbhanga,GEN,Kirti Jha Azad,M,BJP,239268,Md. Ali Ashraf Fatmi,M,RJD,192815
Bihar,15,Muzaffarpur,GEN,Capt.(Retd.) Jainarain Prasad Nishad ,M,JD(U),195091,Bhagwanlal Sahni,M,LJP,147282
Bihar,16,Vaishali,GEN,Dr. Raghuvansh Prasad Singh,M,RJD,284479,Vijay Kumar Shukla,M,JD(U),262171
Bihar,17,Gopalganj,(SC),Purnmasi Ram,M,JD(U),200024,Anil Kumar,M,RJD,157552
Bihar,18,Siwan,GEN,Om Prakash Yadav,M,IND,236194,Hena Shahab,M,RJD,172764
Bihar,19,Maharajganj,GEN,Uma Shanaker Singh,M,RJD,211610,Prabhunath Singh ,M,JD(U),208813
Bihar,<b>By Polls (2013)</b>,Maharajganj,GEN,Prabhu Nath Singh,M,RJD,381452,Prashant Kumar Shahi,M,JD(U),244326
Bihar,20,Saran,GEN,Lalu Prasad,M,RJD,274209,Rajiv Pratap Rudy,M,BJP,222394
Bihar,21,Hajipur,(SC),Ram Sundar Das,M,JD(U),246715,Ram Vilas Paswan,M,LJP,208761
Bihar,22,Ujiarpur,GEN,Smt. Ashwamedh Devi,F,JD(U),180082,Alok Kumar Mehta,M,RJD,154770
Bihar,23,Samastipur,(SC),Maheshwar Hazari,M,JD(U),259458,Ram Chandra Paswan,M,LJP,155082
Bihar,24,Begusarai,GEN,Dr. Monazir Hassan,M,JD(U),205680,Shatrughna Prasad Singh,M,CPI,164843
Bihar,25,Khagaria,GEN,Dinesh Chandra Yadav,M,JD(U),266964,Ravindar Kr. Rana,M,RJD,128209
Bihar,26,Bhagalpur,GEN,Syed Shahnawaz Hussain,M,BJP,228384,Shakuni Choudhary,M,RJD,172573
Bihar,27,Banka,GEN,Digvijay Singh,M,IND,185762,Jai Prakash Narayan,M,RJD,157046
Bihar,<b>By Polls (2010)</b>,Banka,GEN,Putul Kumari,F,IND,288958,Jai Prakash Narayan,M,RJD,219839
Bihar,28,Munger,GEN,Rajiv Ranjan (Lalan) Singh,M,JD(U),374317,Ram Badan Roy,M,RJD,184956
Bihar,29,Nalanda,GEN,Kaushalendra Kumar,M,JD(U),299155,Satish Kumar,M,LJP,146478
Bihar,30,Patna Sahib,GEN,Shatrughan Prasad Sinha,M,BJP,316549,Vijay Kumar,M,RJD,149779
Bihar,31,Pataliputra,GEN,Prof. Ranjan Prasad Yadav,M,JD(U),269298,Lalu Prasad,M,RJD,245757
Bihar,32,Arrah,GEN,Smt. Meena Singh,F,JD(U),212726,Rama Kishore Singh,M,LJP,138006
Bihar,33,Buxar,GEN,Jagadanand Singh,M,RJD,132614,Lal Muni Choubey,M,BJP,130376
Bihar,34,Sasaram,(SC),Smt. Meira Kumar,F,INC,192213,Muni Lal,M,BJP,149259
Bihar,35,Karakat,GEN,Mahabali Singh,M,JD(U),196946,Kanti Singh,M,RJD,176463
Bihar,36,Jahanabad,GEN,Jagdish Sharma,M,JD(U),234769,Surendra Prasad Yadav,M,RJD,213442
Bihar,37,Aurangabad,GEN,Sushil Kumar Singh,M,JD(U),260153,Shakil Ahmad Khan,M,RJD,188095
Bihar,38,Gaya,(SC),Hari Manjhi,M,BJP,246255,Ramji Manjhi,M,RJD,183802
Bihar,39,Nawada,GEN,Dr. Bhola Singh,M,BJP,130608,Veena Devi,F,LJP,95691
Bihar,40,Jamui,(SC),Bhudeo Choudhary,M,JD(U),178560,Shyam Rajak,M,RJD,148763
Chhattisgarh,1,Surguja,(ST),Murarilal Singh,M,BJP,416532,Bhanu Pratap Singh,M,INC,256983
Chhattisgarh,2,Raigarh,(ST),Vishnu Deo Sai,M,BJP,443948,Hridayaram Rathiya,M,INC,149111
Chhattisgarh,3,Janjgir-Champa,(SC),Smt. Kamla Devi Patle,F,BJP,302142,Dr.Shivkumar Dahariya,M,INC,214931
Chhattisgarh,4,Korba,GEN,Dr. Charan Das Mahant,M,INC,314616,Karuna Shukla,M,BJP,273216
Chhattisgarh,5,Bilaspur,GEN,Dilip Singh Judeo,M,BJP,347930,Dr.Renu Jogi,F,INC,214931
Chhattisgarh,6,Rajnandgaon,GEN,Madhusudan Yadav,M,BJP,437721,Devwrat Singh,M,INC,321843
Chhattisgarh,7,Durg,GEN,Km. Saroj Pandey,F,BJP,283170,Pradeep Choubey,M,INC,273216
Chhattisgarh,8,Raipur,GEN,Ramesh Bais,M,BJP,364943,Bhupesh Baghel,M,INC,319726
Chhattisgarh,9,Mahasamund,GEN,Chandu Lal Sahu,M,BJP,371201,Motilal Sahu,M,INC,319726
Chhattisgarh,10,Bastar,(ST),Baliram Kashyap,M,BJP,249373,Shankar Sodi,M,INC,149111
Chhattisgarh,<b>By Polls (2011)</b>,Bastar,(ST),Dinesh Kashyap,M,BJP,286691,Kawasi Lakhma,M,INC,197807
Chhattisgarh,11,Kanker,(ST),Sohan Potai,M,BJP,341131,Smt. Phoolo Devi Netam,F,INC,318647
Chandigarh,1,Chandigarh,GEN,Pawan Kumar Bansal,M,INC,161042,Satya Pal Jain,M,BJP,102075
Dadra And Nagar Haveli ,1,Dadra And Nagar Haveli,(ST),Natubhai Gomanbhai Patel,M,BJP,51242,Delkar Mohanbhai Sanjibhai,M,INC,50624
Daman And Diu ,1,Daman And Diu,GEN,Lalubhai Babubhai Patel,M,BJP,44546,Dahyabhai Vallabhbhai Patel,M,INC,19708
Delhi,1,Chandni Chowk,GEN,Kapil Sibal,M,INC,465713,Vijender Gupta,M,BJP,265003
Delhi,2,North East Delhi,GEN,Jai Prakash Agarwal,M,INC,518191,B.L.Sharma Prem,M,BJP,295948
Delhi,3,East Delhi,GEN,Sandeep Dikshit,M,INC,518001,Chetan Chauhan,M,BJP,276948
Delhi,4,New Delhi,GEN,Ajay Maken,M,INC,455867,Vijay Goel,M,BJP,268058
Delhi,5,North West Delhi,(SC),Smt. Krishna Tirath,F,INC,487404,Meera Kanwaria,M,BJP,295948
Delhi,6,West Delhi,GEN,Mahabal Mishra,M,INC,479899,Prof. Jagdish Mukhi,M,BJP,302971
Delhi,7,South Delhi,GEN,Ramesh Kumar,M,INC,360278,Ramesh Bidhuri,M,BJP,267059
Goa,1,North Goa,GEN,Shripad Yesso Naik,M,BJP,137716,Jitendra Raghuraj Deshprabhu,M,NCP,131363
Goa,2,South Goa,GEN,Francisco Sardinha,M,INC,127494,Adv. Narendra Keshav Sawaikar,M,BJP,114978
Gujarat,1,Kutch,(SC),Smt. Poonam Veljibhai Jat,F,BJP,285300,Danicha Valjibhai Punamchandra,M,INC,213957
Gujarat,2,Banaskantha,GEN,Mukeshkumar  Bheiravdanji Gadhvi,M,INC,289409,Chaudhary Haribhai,M,BJP,279108
Gujarat,<b>By Polls (2013)</b>,Banaskantha,GEN,Chaudhary Haribhai Parthibhai,M,BJP,377988,Gadhvi Krishnaben Mukeshkumar,F,INC,236011
Gujarat,3,Patan,GEN,Jagdish Thakor,M,INC,283778,Rathod Bhavsinhbhai Dahyabhai,M,BJP,265274
Gujarat,4,Mehsana,GEN,Smt. Jayshreeben Patel,F,BJP,334631,Patel Jivabhai Ambalal,M,INC,312766
Gujarat,5,Sabarkantha,GEN,Dr. Mahendrasinh Pruthvisinh Chauhan,M,BJP,337432,Mistry Madhusudan,M,INC,320272
Gujarat,6,Gandhinagar,GEN,Lal Krishna Advani,M,BJP,434044,Patel Sureshkumar Chaturdas,M,INC,312297
Gujarat,7,Ahmedabad East,GEN,Harin Pathak,M,BJP,318846,Babaria Dipakbhai Ratilal,M,INC,232790
Gujarat,8,Ahmedabad West,(SC),Dr. Kirit Premjibhai Solanki,M,BJP,376823,Parmar Shailesh Manharlal,M,INC,285696
Gujarat,9,Surendranagar,GEN,Somabhai Gandalal Koli Patel,M,INC,247710,Mer Laljibhai Chaturbhai,M,BJP,242879
Gujarat,10,Rajkot,GEN,Kunwarjibhai Mohanbhai Bavaliya,M,INC,307553,Kirankumar Valjibhai Bhalodia (Patel),M,BJP,282818
Gujarat,11,Porbandar,GEN,Vitthalbhai Hansrajbhai Radadiya,M,INC,329436,Khachariya Mansukhbhai Shamjibhai,M,BJP,289933
Gujarat,<b>By Polls (2013)</b>,Porbandar,GEN,Radadiya Vithalbhai Hansrajbhai,M,BJP,289893,Amipura Vinubhai Gordhanbhai,M,INC,144370
Gujarat,12,Jamnagar,GEN,Vikrambhai Arjanbhai Maadam,M,INC,281410,Mungra Rameshbhai Devraj Bhai,M,BJP,254992
Gujarat,13,Junagadh,GEN,Dinubhai Boghabhai Solanki,M,BJP,355335,Barad Jashubhai Dhanabhai,M,INC,341576
Gujarat,14,Amreli,GEN,Naranbhai Kachhadia,M,BJP,247666,Nilaben Virjibhai Thummar,M,INC,210349
Gujarat,15,Bhavnagar,GEN,Rajendrasinh (Raju Rana) Rana ,M,BJP,213376,Gohilmahavirsinhbhagir Athsinh,M,INC,207483
Gujarat,16,Anand,GEN,Bharatsinh Madhavsinh Solanki,M,INC,348655,Patel Dipakbhai Chimanbhai,M,BJP,281337
Gujarat,17,Kheda,GEN,Dinsha J. Patel,M,INC,284004,Chauhan Devusinh Jesingbhai,M,BJP,283158
Gujarat,18,Panchmahal,GEN,Prabhatsinh Pratapsinh Chauhan,M,BJP,282079,Vaghela Shankarsinh Laxmansinh,M,INC,279998
Gujarat,19,Dahod,(ST),Dr. (Smt.) Prabha Kishor Taviadi,F,INC,250586,Damor Somjibhai Punjabhai,M,BJP,192050
Gujarat,20,Vadodara,GEN,Balkrishna Khanderao Shukla,M,BJP,428833,Gaekwad Satyajitsinh Dulipsinh,M,INC,292805
Gujarat,21,Chhota Udaipur,(ST),Ramsinh Patalyabhai Rathwa,M,BJP,353534,Rathwa Naranbhai Jemlabhai,M,INC,326536
Gujarat,22,Bharuch,GEN,Mansukhbhai D. Vasava,M,BJP,311019,Umerji Ahmed Ugharatdar (Aziz Tankarvi),M,INC,283787
Gujarat,23,Bardoli,(ST),Dr. Tushar Amarsinh Chaudhary,M,INC,398430,Vasava Riteshkumar Amarsinh,M,BJP,339445
Gujarat,24,Surat,GEN,Smt. Darshana Vikram Jardosh,F,BJP,364947,Gajera Dhirubhai Haribhai,M,INC,290149
Gujarat,25,Navsari,GEN,Chandrakant Raghunath Patil,M,BJP,423413,Dhansukh Rajput,M,INC,290770
Gujarat,26,Valsad,(ST),Kishanbhai Vestabhai Patel,M,INC,357755,Patel Dhirubhai Chhaganbhai (Dr. D.C.Patel),M,BJP,350586
Haryana,1,Ambala,(SC),Kumari Selja,F,INC,322258,Rattan Lal Kataria,M,BJP,307688
Haryana,2,Kurukshetra,GEN,Naveen Jindal,M,INC,397204,Ashok Kumar Arora,M,INLD,278475
Haryana,3,Sirsa,(SC),Ashok Tanwar,M,INC,415584,Dr. Sita Ram,M,INLD,380085
Haryana,4,Hisar,GEN,Bhajan Lal,M,HJCBL,248476,Sampat Singh,M,INLD,241493
Haryana,<b>By Polls (2011)</b>,Hisar,GEN,Kuldeep Bishnoi,M,HJCBL,"3,55,955",Ajay Singh Chautala,M,INLD,"3,49,618"
Haryana,5,Karnal,GEN,"Dr. Arvind Kumar Sharma,",M,INC,304698,Maratha Virender Verma,M,BSP,228352
Haryana,6,Sonipat,GEN,Jitender Singh Malik,M,INC,338795,Kishan Singh Sangwan,M,BJP,177511
Haryana,7,Rohtak,GEN,Deepender Singh Hooda,M,INC,585016,Nafe Singh Rathee,M,INLD,139280
Haryana,8,Bhiwani-Mahendragarh,GEN,Smt. Shruti Choudhry,F,INC,302817,Ajay Singh Chautala,M,INLD,247240
Haryana,9,Gurgaon,GEN,Inderjit Singh Rao,M,INC,278516,Zakir Hussain,M,BSP,193652
Haryana,10,Faridabad,GEN,Avtar Singh Bhadana,M,INC,257864,Ramchander Bainda,M,BJP,189663
Himachal Pradesh,1,Kangra,GEN,Dr. Rajan Sushant,M,BJP,322254,Chander Kumar,M,INC,301475
Himachal Pradesh,2,Mandi,GEN,Virbhadra Singh,M,INC,340973,Maheshwar Singh,M,BJP,326976
Himachal Pradesh,3,Hamirpur,GEN,Anurag Singh Thakur,M,BJP,373598,Narinder Thakur,M,INC,300866
Himachal Pradesh,4,Shimla,(SC),Virender Kashyap,M,BJP,310946,Dhani Ram Shandil,M,INC,283619
Jammu And Kashmir,1,Baramulla,GEN,Sharifuddin Shariq,M,J&KNC,203022,Mohammad Dilawar Mir,M,JKPDP,138208
Jammu And Kashmir,2,Srinagar,GEN,Dr. Farooq Abdullah,M,J&KNC,147035,Iftikhar Hussain Ansari,M,JKPDP,116793
Jammu And Kashmir,3,Anantnag,GEN,Dr. Mirza Mehboob Beg,M,J&KNC,148317,Peer Mohd Hussain ,M,JKPDP,143093
Jammu And Kashmir,4,Ladakh,(ST),Hassan Khan,M,IND,32701,Phuntsog Namgyal,M,INC,29017
Jammu And Kashmir,5,Udhampur,GEN,Chaudhary Lal Singh,M,INC,231853,Dr. Nirmal Singh,M,BJP,218459
Jammu And Kashmir,6,Jammu,GEN,Madan Lal Sharma,M,INC,382305,Lila Karan Sharma,M,BJP,260932
Jharkhand,1,Rajmahal,(ST),Devidhan Besra,M,BJP,168357,Hemlal Murmu,M,JMM,159374
Jharkhand,2,Dumka,(ST),Shibu Soren,M,JMM,208518,Sunil Soren,M,BJP,189706
Jharkhand,3,Godda,GEN,Nishikant Dubey,M,BJP,189526,Furkan Ansari,M,INC,183119
Jharkhand,4,Chatra,GEN,Inder Singh Namdhari,M,IND,108336,Dhiraj Prasad Sahu,M,INC,92158
Jharkhand,5,Kodarma,GEN,"Babu Lal Marandi,",M,JVM,199462,Raj Kumar Yadav,M,CPI(ML)(L),150942
Jharkhand,6,Giridih,GEN,Ravindra Kumar Pandey,M,BJP,233435,Teklal Mahto,M,JMM,138697
Jharkhand,7,Dhanbad,GEN,Pashupati Nath Singh,M,BJP,260521,Chandrashekhar Dubey,M,INC,202474
Jharkhand,8,Ranchi,GEN,Subodh Kant Sahai,M,INC,310499,Ram Tahal Choudhary,M,BJP,297149
Jharkhand,9,Jamshedpur,GEN,Dr. (Shri) Ajay Kumar,M,JVM,319620,Suman Mahato,M,JMM,199957
Jharkhand,<b>By Polls (2011)</b>,Jamshedpur,GEN,Ajay Kumar,M,J.V.M (P),276582,D. Goswami,M,BJP,120856
Jharkhand,10,Singhbhum,(SC),Madhu Kora,M,IND,256827,Barkuwar Gagrai,M,BJP,167154
Jharkhand,11,Khunti,(ST),Kariya Munda,M,BJP,210214,Neil Tirkey,M,INC,130039
Jharkhand,12,Lohardaga,(ST),Sudarshan Bhagat,M,BJP,144628,Chamra Linda,M,IND,136345
Jharkhand,13,Palamu,(SC),Kameshwar Baitha,M,JMM,167995,Ghuran Ram,M,RJD,144457
Jharkhand,14,Hazaribagh,GEN,Yashwant Sinha,M,BJP,219810,Saurabh Narain Singh,M,INC,179646
Karnataka,1,Chikkodi,GEN,Ramesh Vishwanath Katti,M,BJP,438081,Prakash Babanna Hukkeri,M,INC,382794
Karnataka,2,Belgaum,GEN,Suresh Chanabasappa Angadi,M,BJP,384324,Amarsinh Vasantrao Patil,M,INC,265637
Karnataka,3,Bagalkot,GEN,Parvatagouda Chandanagouda Gaddigoudar,M,BJP,413272,J.T.Patil,M,INC,377826
Karnataka,4,Bijapur,(SC),Ramesh Chandappa Jigajinagi,M,BJP,308939,Prakash Kubasing Rathod,M,INC,266535
Karnataka,5,Gulbarga,(SC),Mallikarjun Kharge,M,INC,345241,Revunaik Belamgi,M,BJP,331837
Karnataka,6,Raichur,(ST),S. Pakkirappa,M,BJP,316450,Raja Venkatappa Naik,M,INC,285814
Karnataka,7,Bidar,GEN,N.Dharam Singh,M,INC,337957,Gurupadappa Nagmarpalli,M,BJP,298338
Karnataka,8,Koppal,GEN,Shivaramagouda,M,BJP,291693,Basavaraj Rayareddy,M,INC,209904
Karnataka,9,Bellary,(ST),Smt. J. Shantha,F,BJP,402213,N.Y. Hanumanthappa,M,INC,399970
Karnataka,10,Haveri ,GEN,Shivkumar Chanabasappa Udasi,M,BJP,430293,Saleem Ahamed,M,INC,342373
Karnataka,11,Dharwad,GEN,Pralhad Venkatesh Joshi,M,BJP,446786,Kunnur Manjunath Channappa,M,INC,309123
Karnataka,12,Uttara Kannada,GEN,Anant Kumar Dattatreya Hegde,M,BJP,339300,Alva Margaret,M,INC,316531
Karnataka,13,Davanagere,GEN,Gowdar Mallikarjunappa Siddeshwara,M,BJP,423447,S.S. Mallikarjuna,M,INC,421423
Karnataka,14,Shimoga,GEN,Raghavendra Yeddyurappa,M,BJP,482783,S. Bangarappa,M,INC,429890
Karnataka,15,Udupi Chikmagalur,GEN,Jayaprakash Korgi Hegde,M,INC,401441,D.V.Sadananda Gowda,M,BJP,374423
Karnataka,<b>By Polls (2012)</b>,Udupi Chikmagalur,GEN,K.J. Hegde,M,INC,398723,S. Kumar V.,M,BJP,352999
Karnataka,16,Hassan,GEN,H.D. Devegowda,M,JD(S),496429,K. H. Hanume Gowda,M,BJP,205316
Karnataka,17,Dakshina Kannada,GEN,Nalin Kumar Kateel,M,BJP,499385,Janardhana Poojary,M,INC,458965
Karnataka,18,Chitradurga,(SC),Janardhana Swamy,M,BJP,370920,Dr. B Thippeswamy,M,INC,235349
Karnataka,19,Tumkur,GEN,Gangasandra Siddappa Basavaraj,M,BJP,331064,Muddahanumegowda S.P.,M,JD(S),309619
Karnataka,20,Mandya,GEN,N. Chaluvaraya Swamy,M,JD(S),384443,M H Ambareesh,M,INC,360943
Karnataka,21,Mysore,GEN,Adagooru Huchegowda Vishwanath,M,INC,354810,C.H.Vijayashankar,M,BJP,347119
Karnataka,22,Chamarajanagar,(SC),Rangaswamy Dhruvanarayana,M,INC,369970,A.R.Krishnamurthy,M,BJP,365968
Karnataka,23,Bangalore Rural,GEN,H.D. Kumaraswamy,M,JD(S),493302,C. P. Yogeeshwara,M,BJP,363027
Karnataka,<b>By Polls (2013)</b>,Bangalore Rural,GEN,D. K. Suresh,M,INC,"5,78,000",Anitha Kumaraswamy,M,JD(S),"4,56,000 "
Karnataka,24,Bangalore North,GEN,Chandre D.B. Gowda,M,BJP,452920,C. K. Jaffer Sharief,M,INC,393255
Karnataka,25,Bangalore Central,GEN,P. C. Mohan,M,BJP,340162,H.T.Sangliana,M,INC,304944
Karnataka,26,Bangalore South,GEN,Ananth Kumar,M,BJP,437953,Krishna Byre Gowda,M,INC,400341
Karnataka,27,Chikkaballapur,GEN,Dr.(Shri) M. Veerappa Moily,M,INC,390500,C.Aswathanarayana,M,BJP,339119
Karnataka,28,Kolar,GEN,K.H. Muniyappa,M,INC,344771,D.S.Veeraiah,M,BJP,321765
Kerala,1,Kasaragod,GEN,P. Karunakaran,M,CPM,385522,Shahida Kamal,M,INC,321095
Kerala,2,Kannur,GEN,Kumbakudi Sudhakaran,M,INC,432878,K.K Ragesh,M,CPM,389727
Kerala,3,Vatakara,GEN,Ramachandran Mullappally,M,INC,421255,Adv. P. Satheedevi,M,CPM,365069
Kerala,4,Wayanad,GEN,M. I. Shanavas,M,INC,410703,Advocate M. Rahmathulla,M,CPI,257264
Kerala,5,Kozhikode,GEN,M. K. Raghavan,M,INC,342309,Adv. P.A. Mohamed Riyas,M,CPM,341471
Kerala,6,Malappuram,GEN,E. Ahamed,M,IUML,427940,T.K. Hamza,M,CPM,312343
Kerala,7,Ponnani,GEN,E. T. Mohammed Basheer,M,IUML,385801,Dr. Hussain Randathani,M,IND,303117
Kerala,8,Palakkad,GEN,M. B. Rajesh,M,CPM,338070,Satheesan Pacheni,M,INC,336250
Kerala,9,Alathur,(SC),Parayamparanbil Kuttappan Biju,M,CPM,387352,N.K Sudheer,M,INC,366392
Kerala,10,Thrissur,GEN,P.C. Chacko,M,INC,385297,C N Jayadevan,M,CPI,360146
Kerala,11,Chalakudy,GEN,K. P. Dhanapalan,M,INC,399035,Adv. U.P Joseph,M,CPM,327356
Kerala,12,Ernakulam,GEN,Prof. Kuruppassery Varkey Thomas,M,INC,342845,Sindhu Joy,M,CPM,331055
Kerala,13,Idukki,GEN,P. T. Thomas,M,INC,408484,Adv. K. Francis George,M,KEC,333688
Kerala,14,Kottayam,GEN,Jose K. Mani,M,KEC(M),404962,Adv. Suresh Kurup,M,CPM,333392
Kerala,15,Alappuzha,GEN,K. C. Venugopal,M,INC,468679,Dr. K.S Manoj,M,CPM,411044
Kerala,16,Mavelikkara,(SC),Suresh Kodikunnil,M,INC,397211,R.S Anil,M,CPI,349163
Kerala,17,Pathanamthitta,GEN,Anto Antony,M,INC,408232,Adv.K.Anantha Gopan,M,CPM,297026
Kerala,18,Kollam,GEN,N. Peethambara Kurup,M,INC,357401,P.Rajendran,M,CPM,339870
Kerala,19,Attingal,GEN,Anirudhan Sampath,M,CPM,328036,Prof.G Balachandran,M,INC,309695
Kerala,20,Thiruvananthapuram,GEN,Dr. Shashi Tharoor,M,INC,326725,Adv. P Ramachandran Nair,M,CPI,226727
Lakshadweep,1,Lakshadweep,(ST),Hamdullah Sayeed,M,INC,20492,Dr. Pookunhikoya,M,NCP,18294
Madhya Pradesh,1,Morena,GEN,Narendra Singh Tomar,M,BJP,300647,Ramniwas Rawat,M,INC,199650
Madhya Pradesh,2,Bhind,(SC),Ashok Argal,M,BJP,227365,Dr. Bhagirath Prasad,M,INC,208479
Madhya Pradesh,3,Gwalior,GEN,Smt. Yashodhara Raje Scindia,F,BJP,252314,Ashok Singh,M,INC,225723
Madhya Pradesh,4,Guna,GEN,Jyotiraditya Madhavrao Scindia,M,INC,413297,Dr.Narottam Mishra,M,BJP,163560
Madhya Pradesh,5,Sagar,GEN,Bhoopendra Singh,M,BJP,323954,Aslam Sher Khan,M,INC,192786
Madhya Pradesh,6,Tikamgarh,(SC),Dr. Virendra Kumar,M,BJP,200109,Ahirwar Vrindavan,M,INC,158247
Madhya Pradesh,7,Damoh,GEN,Shivraj Singh Lodhi,M,BJP,302673,Chandrabhan Bhaiya,M,INC,231796
Madhya Pradesh,8,Khajuraho,GEN,Jeetendra Singh Bundela,M,BJP,229369,Raja Paterya,M,INC,201037
Madhya Pradesh,9,Satna,GEN,Ganesh Singh,M,BJP,"194624
 ",Sukhlal Kushwaha,M,BSP,190206
Madhya Pradesh,10,Rewa,GEN,Deoraj Singh Patel,M,BSP,172002,Sunder Lal Tiwari,M,INC,167981
Madhya Pradesh,11,Sidhi,GEN,Govind Prasad Mishra,M,BJP,270914,Indrajeet Kumar,M,INC,225174
Madhya Pradesh,12,Shahdol,(ST),Smt. Rajesh Nandini Singh,F,INC,263434,Narendra Singh Maravi,M,BJP,250019
Madhya Pradesh,13,Jabalpur,GEN,Rakesh Singh,M,BJP,343922,Advocate Rameshwar Neekhra,M,INC,237919
Madhya Pradesh,14,Mandla,(ST),Basori Singh Masram,M,INC,391133,Faggan Singh Kulaste,M,CPI(ML)(L),326080
Madhya Pradesh,15,Balaghat,GEN,K. D. Deshmukh,M,BJP,299959,Vishveshwar Bhagat,M,INC,259140
Madhya Pradesh,16,Chhindwara,GEN,Kamal Nath,M,INC,409736,Marot Rao Khavase,M,BJP,288516
Madhya Pradesh,17,Hoshangabad,GEN,Uday Pratap Singh,M,INC,339496,Rampal Singh,M,BJP,320251
Madhya Pradesh,18,Vidisha,GEN,Smt. Sushma Swaraj,F,BJP,438235,Choudhary Munabbar Salim,M,SP,48391
Madhya Pradesh,19,Bhopal,GEN,Kailash Joshi,M,BJP,335678,Surendra Singh Thakur,M,INC,270521
Madhya Pradesh,20,Rajgarh,GEN,Narayan Singh Amlabe,M,INC,319371,Lakshman Singh,M,BJP,294983
Madhya Pradesh,21,Dewas,(SC),Sajjan Singh Verma,M,INC,376421,Thavarchand Gehlot,M,BJP,360964
Madhya Pradesh,22,Ujjain,(SC),Prem Chand Guddu,M,INC,326905,Dr. Satyanarayan Jatiya,M,BJP,311064
Madhya Pradesh,23,Mandsaur,GEN,Km. Meenakshi Natrajan,F,INC,373532,Dr. Laxminarayan Pandey,M,BJP,342713
Madhya Pradesh,24,Ratlam,(ST),Kantilal Bhuria,M,INC,308923,Dileepsingh Bhuria,M,BJP,251255
Madhya Pradesh,25,Dhar,(ST),Gajendra Singh Rajukhedi,M,INC,302660,Mukam Singh Kirade,M,BJP,299999
Madhya Pradesh,26,Indore,GEN,Smt. Sumitra Mahajan,F,BJP,388662,Satynarayan Patel,M,INC,377182
Madhya Pradesh,27,Khargone,(ST),Makhansingh Solanki,M,BJP,351296,Balaram Bachchan,M,INC,317121
Madhya Pradesh,28,Khandwa,GEN,Arun Subhashchandra Yadav,M,INC,394241,Nandkumar Sing Chauhan Nandu Bhaiya,M,BJP,345160
Madhya Pradesh,29,Betul,(ST),Smt. Jyoti Dhurve,F,BJP,334939,Ojharam Evane,M,INC,237622
Maharashtra,1,Nandurbar,(ST),Manikrao Hodlya Gavit,M,INC,275936,Gavit Sharad Krushnrao,M,SP,235093
Maharashtra,2,Dhule,GEN,Sonawane Pratap Narayanrao,M,BJP,263260,Amarishbhai Rasiklal Patel,M,INC,243841
Maharashtra,3,Jalgaon,GEN,A.T. (Nana) Patil,M,BJP,343647,Adv. Vasantrao Jivanrao More,M,NCP,247627
Maharashtra,4,Raver,GEN,Haribhau Madhav Jawale,M,BJP,328843,Adv. Ravindra Pralhadrao Patil,M,NCP,300625
Maharashtra,5,Buldhana,GEN,Prataprao Ganpatrao Jadhav,M,SHS,353671,Shingane Dr.Rajendra Bhaskarrao,M,NCP,325593
Maharashtra,6,Akola,GEN,Sanjay Shamrao Dhotre,M,BJP,287526,Ambedkar Prakash Yashwant,M,BBM,222678
Maharashtra,7,Amravati,(SC),Anandrao Adsul,M,SHS,314286,Gawai Rajendra Ramkrushna,M,RPI,252570
Maharashtra,8,Wardha,GEN,Datta Raghobaji Meghe,M,INC,352853,Suresh Ganpatrao Waghmare,M,BJP,256935
Maharashtra,9,Ramtek,(SC),Mukul Balkrishna Wasnik,M,INC,311614,Tumane Krupal Balaj,M,SHS,294913
Maharashtra,10,Nagpur,GEN,Vilas Baburao Muttemwar,M,INC,315148,Purohit Banwarilal Bhagwandas,M,BJP,290749
Maharashtra,11,Bhandara-Gondiya,GEN,Praful Manoharbhai Patel,M,NCP,489814,Nanabhau Falgunrao Patole,M,IND,237899
Maharashtra,12,Gadchiroli-Chimur,(ST),Marotrao Sainuji Kowase,M,INC,321756,Ashok Mahadeorao Nete,M,BJP,293176
Maharashtra,13,Chandrapur,GEN,Hansraj Gangaram Ahir,M,BJP,301467,Pugalia Naresh,M,IND,268972
Maharashtra,14,Yavatmal-Washim,GEN,Ms. Bhavana Gawali (Patil),F,SHS,384443,Harising Rathod,M,INC,327492
Maharashtra,15,Hingoli,GEN,Subhash Bapurao Wankhede,M,SHS,340148,Suryakanta Jaiwantrao Patil,M,NCP,266514
Maharashtra,16,Nanded,GEN,Bhaskarrao Bapurao Patil,M,INC,346400,Sambhaji Pawar,M,BJP,271786
Maharashtra,17,Parbhani,GEN,Ganeshrao Nagorao Dudhgaonkar,M,SHS,385387,Warpudkar Suresh Ambadasrao,M,NCP,319969
Maharashtra,18,Jalna,GEN,Raosaheb Patil Danve,M,BJP,350710,Dr. Kale Kalyan Vaijinathrao,M,INC,342228
Maharashtra,19,Aurangabad,GEN,Chandrakant Bhaurao Khaire,M,SHS,255896,Uttamsingh Rajdharsingh Pawar,M,INC,222882
Maharashtra,20,Dindori,(ST),Harischandra Deoram Chavan,M,BJP,281254,Zirwal Narhari Sitaram,M,NCP,243907
Maharashtra,21,Nashik,GEN,Sameer Magan Bhujbal,M,NCP,238706,Jadhav,M,MNS,216674
Maharashtra,22,Palghar,(ST),Baliram Sukur Jadhav ,M,BVA,223234,Adv. Chintaman Vanga,M,BJP,210874
Maharashtra,23,Bhiwandi,GEN,Suresh Kashinath Taware ,M,INC,182789,Patil Jagannath Shivram,M,BJP,141425
Maharashtra,24,Kalyan,GEN,Anand Prakash Paranjpe,M,SHS,212476,Davkhare Vasant Shankarrao,M,NCP,188274
Maharashtra,25,Thane,GEN,Dr. Sanjeev Ganesh Naik,M,NCP,301000,Chaugule Vijay Laxman,M,SHS,251980
Maharashtra,26,Mumbai-North,GEN,Sanjay Nirupam,M,INC,255157,Ram Naik,M,BJP,249378
Maharashtra,27,Mumbai-North-West,GEN,Gurudas Kamat,M,INC,253920,Gajanan Kirtikar,M,SHS,215533
Maharashtra,28,Mumbai-North-East,GEN,Sanjay Dina Patil,M,NCP,213505,Kirit Somaiya,M,BJP,210572
Maharashtra,29,Mumbai-North-Central,GEN,Smt. Priya Sunil Dutt,F,INC,319352,Mahesh Ram Jethmalani,M,BJP,144797
Maharashtra,30,Mumbai-South-Central,GEN,Eknath Mahadeo Gaikwad,M,INC,257523,Suresh Anant Gambhir,M,SHS,181817
Maharashtra,31,Mumbai-South,GEN,Milind Murli Deora,M,INC,272411,Bala Nandgaonkar,M,MNS,159729
Maharashtra,32,Raigad,GEN,Anant Gangaram Geete,M,SHS,413546,Barrister A.R. Antulay,M,INC,267025
Maharashtra,33,Maval,GEN,Gajanan Dharmshi Babar ,M,SHS,364857,Pansare Azam Fakeerbhai,M,NCP,284238
Maharashtra,34,Pune,GEN,Suresh Kalmadi,M,INC,279973,Anil Shirole,M,BJP,254272
Maharashtra,35,Baramati,GEN,Smt. Supriya Sadanand Sule,F,NCP,487827,Kanta Jaysing Nalawade,M,BJP,150996
Maharashtra,36,Shirur,GEN,Shivaji Adhalrao Patil,M,SHS,482563,Vilas Vithoba Lande,M,NCP,303952
Maharashtra,37,Ahmednagar ,GEN,Dilip Kumar Mansukhlal Gandhi,M,BJP,312047,Kardile Shivaji Bhanudas,M,NCP,265316
Maharashtra,38,Shirdi,(SC),Bhausaheb Wakchaure ,M,SHS,359921,Athawale Ramdas Bandu,M,RPI(A),227170
Maharashtra,39,Beed,GEN,Gopinath Pandurang Munde ,M,BJP,553994,Kokate Ramesh Baburao (Adaskar),M,NCP,413042
Maharashtra,40,Osmanabad,GEN,Dr. Padmasinha Bajirao Patil ,M,NCP,408840,Gaikwad Ravindra Vishwanath,M,SHS,402053
Maharashtra,41,Latur,(SC),Jayawant Gangaram Awale ,M,INC,372890,Gaikwad Sunil Baliram,M,BJP,364915
Maharashtra,42,Solapur,(SC),Sushil Kumar Sambhajirao Shinde,M,INC,387591,Adv. Bansode Sharad Maruti,M,BJP,287959
Maharashtra,43,Madha,GEN,Sharad Chandra Govindrao Pawar,M,NCP,530596,Deshmukh Subhash Sureshchandra,M,BJP,216137
Maharashtra,44,Sangli,GEN,Pratik Prakashbapu Patil,M,INC,378620,Ajitrao Shankarrao Ghorpade,M,IND,338837
Maharashtra,45,Satara,GEN,Udayanraje Pratapsingh Bhonsle,M,NCP,532583,Purushottam Bajirao Jadhav,M,SHS,235068
Maharashtra,46,Ratnagiri-Sindhudurg,GEN,Dr. Nilesh Narayan Rane,M,INC,353915,Suresh Prabhakar Prabhu,M,SHS,307165
Maharashtra,47,Kolhapur,GEN,Sadashivrao Dadoba Mandlik,M,IND,428082,Chhatrapati Sambhajiraje Shahu,M,NCP,383282
Maharashtra,48,Hatkanangle,GEN,Raju Alias Devappa Anna Shetti ,M,SWP,481025,Mane Nivedita Sambhajirao,M,NCP,385965
Manipur,1,Inner Manipur,GEN,Dr. Thokchom Meinya,M,INC,230876,Moirangthem Nara,M,CPI,199916
Manipur,2,Outer Manipur,(ST),Thangso Baite,M,INC,344517,Mani Charenamei,M,PDA,224719
Meghalaya,1,Shillong,(ST),Vincent H Pala,M,INC,232270,John Filmore Kharshiing,M,UDP,124402
Meghalaya,2,Tura,(ST),Kum. Agatha K. Sangma,F,NCP,154476,Debora C. Marak,M,INC,136531
Mizoram,1,Mizoram,(ST),C. L. Ruala,M,INC,213779,Dr. H. Lallungmuana,M,IND,104824
Nagaland,1,Nagaland,(ST),Chongshen Mongkosungkum Chang,M,NPF,832224,K. Asungba Sangtam,M,INC,349203
Orissa,1,Bargarh,GEN,Sanjay Bhoi,M,INC,397375,Dr. Hamid Hussain,M,BJD,298931
Orissa,2,Sundargarh,(ST),Hemanand Biswal,M,INC,280054,Jual Oram,M,BJP,268430
Orissa,3,Sambalpur,GEN,Amarnath Pradhan,M,INC,304890,Rohit Pujari,M,BJD,290016
Orissa,4,Keonjhar,(ST),Yashbant Narayan Singh Laguri,M,BJD,389104,Dhanurjaya Sidu,M,INC,262620
Orissa,5,Mayurbhanj,(ST),Laxman Tudu,M,BJD,256648,Sudam Marndi,M,JMM,190470
Orissa,6,Balasore,GEN,Srikant Kumar Jena,M,INC,313888,Arun Dey,M,NCP,274988
Orissa,7,Bhadrak,(SC),Arjun Charan Sethi,M,BJD,416808,Ananta Prasad Sethi,M,INC,361870
Orissa,8,Jajpur,(SC),Mohan Jena,M,BJD,433350,Amiya Kanta Mallik,M,INC,305603
Orissa,9,Dhenkanal,GEN,Tathagata Satpathy,M,BJD,398568,Chandra Sekhar Tripathi,M,INC,211981
Orissa,10,Bolangir,GEN,Kalikesh Narayan Singh Deo,M,BJD,430150,Narasingha Mishra,M,INC,339315
Orissa,11,Kalahandi,GEN,Bhakta Charan Das,M,INC,401736,Subash Chandra Nayak,M,BJD,247699
Orissa,12,Nabarangpur,(ST),Pradeep Majhi,M,INC,308307,Domburu Majhi,M,BJD,278330
Orissa,13,Kandhamal,GEN,Rudra Madhab Ray,M,BJD,315314,Suzit Kumar Padhi,M,INC,164307
Orissa,14,Cuttack,GEN,Bhartruhari Mahtab,M,BJD,465089,Bibhuti Bhusan Mishra,M,INC,228797
Orissa,15,Kendrapara,GEN,"Baijayant ""Jay"" Panda",M,BJD,502635,Ranjib Biswal,M,INC,375528
Orissa,16,Jagatsinghpur,(SC),Bibhu Prasad Tarai,M,CPI,457234,Rabindra Kumar Sethy,M,INC,380499
Orissa,17,Puri,GEN,Pinaki Misra,M,BJD,436961,Debendra Nath Mansingh,M,INC,225656
Orissa,18,Bhubaneswar,GEN,Dr. (Prof.) Prasanna Kumar Patasani,M,BJD,400472,Santosh Mohanty,M,INC,147712
Orissa,19,Aska,GEN,Nityananda Pradhan,M,BJD,419862,Ramachandra Rath,M,INC,187028
Orissa,20,Berhampur,GEN,Sidhant Mohapatra,M,BJD,319839,Chandra Sekhar Sahu,M,INC,262552
Orissa,21,Koraput,(ST),Jayaram Pangi,M,BJD,312776,Giridhar Gamang,M,INC,216416
Punjab,1,Gurdaspur,GEN,Sardar Partap Singh Bajwa,M,INC,447994,Vinod Khanna,M,BJP,439652
Punjab,2,Amritsar,GEN,Navjot Singh Sidhu,M,BJP,392046,Om Parkash Soni,M,INC,385188
Punjab,3,Khadoor Sahib,GEN,Dr. Rattan Singh Ajnala,M,SAD,467980,Rana Gurjeet Singh,M,INC,435720
Punjab,4,Jalandhar,(SC),Mohinder Singh Kaypee,M,INC,408103,Hans Raj Hans,M,SAD,371658
Punjab,5,Hoshiarpur,(SC),Smt. Santosh Chowdhary,F,INC,358812,Som Parkash,M,BJP,358446
Punjab,6,Anandpur Sahib,GEN,Ravneet Singh,M,INC,404836,Dr. Daljit Singh Cheema,M,SAD,337632
Punjab,7,Ludhiana,GEN,Manish Tewari,M,INC,449264,Gurcharan Singh Galib,M,SAD,335558
Punjab,8,Fatehgarh Sahib,(SC),Sukhdev Singh Libra,M,INC,393557,Charanjit Singh Atwa,M,SAD,359258
Punjab,9,Faridkot,(SC),Smt. Paramjit Kaur Gulshan,F,SAD,457734,Sukhwinder Singh Danny,M,INC,395692
Punjab,10,Ferozpur,GEN,Sher Singh Ghubaya,M,SAD,450900,Jagmeet Singh Brar,M,INC,429829
Punjab,11,Bathinda,GEN,Smt. Harsimrat Kaur Badal,F,SAD,529472,Raninder Singh,M,INC,408524
Punjab,12,Sangrur,GEN,Vijay Inder Singla,M,INC,358670,Sukhdev Singh Dhindsa,M,SAD,317798
Punjab,13,Patiala,GEN,Smt. Preneet Kaur,F,INC,474188,Prem Singh Chandumajra,M,SAD,376799
Pondicherry,1,Puducherry,GEN,V. Narayanasamy,M,INC,300391,Ramadass. M,M,PMK,208619
Rajasthan,1,Ganganagar,(SC),Bharat Ram Meghwal,M,INC,476554,Nihal Chand,M,BJP,335886
Rajasthan,2,Bikaner,(SC),Arjun Ram Meghwal,M,BJP,244537,"Rewat Ram Panwar
",M,INC,224962
Rajasthan,3,Churu,GEN,Ram Singh Kaswan,M,BJP,376708,Rafique Mandelia,M,INC,364268
Rajasthan,4,Jhunjhunu,GEN,Sis Ram Ola,M,INC,306330,Dr Dasrath Singh Shekhawat,M,BJP,240998
Rajasthan,5,Sikar,GEN,Mahadeo Singh Khandela,M,INC,324812,Subhash Maharia,M,BJP,175386
Rajasthan,6,Jaipur Rural,GEN,Lalchand Kataria,M,INC,278266,Rao Rajendra Singh,M,BJP,226029
Rajasthan,7,Jaipur,GEN,Dr. Mahesh Joshi,M,INC,397438,Ghanshyam Tiwari,M,BJP,381339
Rajasthan,8,Alwar,GEN,Jitendra Singh,M,INC,450119,Dr.Kiran Yadav,M,BJP,293500
Rajasthan,9,Bharatpur,(SC),Ratan Singh,M,INC,301434,Khemchand,M,BJP,219980
Rajasthan,10,Karauli-Dholpur,(SC),Khiladi Lal Bairwa,M,INC,215810,Dr Manoj Rajoria,M,BJP,186087
Rajasthan,11,Dausa,(ST),Dr. Kirodilal Meena,M,IND,433666,Qummer Rubbani,M,IND,295907
Rajasthan,12,Tonk-Sawai Madhopur,GEN,Namo Narain Meena,M,INC,375572,Kirori Singh Bainsla,M,BJP,375255
Rajasthan,13,Ajmer,GEN,Sachin Pilot,M,INC,405575,Kiran Maheshwari,M,BJP,329440
Rajasthan,14,Nagaur,GEN,Dr. (Smt.) Jyoti Mirdha,F,INC,333261,Bindu Chaudhary,M,BJP,178124
Rajasthan,15,Pali,GEN,Badri Ram Jakhar,M,INC,387604,Pusp Jain,M,BJP,190887
Rajasthan,16,Jodhpur,GEN,Smt. Chandresh Kumari Katoch,F,INC,361577,Jaswant Singh Bisnoi,M,BJP,263248
Rajasthan,17,Barmer,GEN,Harish Choudhary,M,INC,416497,Manvendra Singh,M,BJP,297391
Rajasthan,18,Jalore,(SC),Devji Mansingram Patel,M,BJP,194503,Buta Singh,M,IND,144698
Rajasthan,19,Udaipur,(ST),Raghuvir Singh Meena,M,INC,411510,Mahaveer Bhagora,M,BJP,246585
Rajasthan,20,Banswara,(ST),Tarachand Bhagora,M,INC,413169,Hakaru Maida,M,BJP,213751
Rajasthan,21,Chittorgarh,GEN,Dr.(Kum.) Girija Vyas,F,INC,399663,Shrichand Kriplani,M,BJP,326885
Rajasthan,22,Rajsamand,GEN,Gopal Singh Shekhawat,M,INC,294451,Rasa Singh Rawat,M,BJP,248561
Rajasthan,23,Bhilwara,GEN,Dr. C. P. Joshi,M,INC,413128,Vijayendra Pal Singh,M,BJP,277760
Rajasthan,24,Kota,GEN,Ijyaraj Singh,M,INC,360486,Shyam Sharma,M,BJP,277393
Rajasthan,25,Jhalawar-Baran,GEN,Dushyant Singh,M,BJP,429096,Urmila Jain (Bhaya),M,INC,376255
Sikkim,1,Sikkim,GEN,Prem Das Rai,M,SDF,159351,Kharananda Upreti,M,INC,74483
Tamil Nadu,1,Tiruvallur,(SC),Dr. Ponnusamy Venugopal,M,AIADMK,368294,Gayathri.S,M,DMK,336621
Tamil Nadu,2,Chennai North,GEN,T.K.S. Elangovan,M,DMK,281055,Pandian. D,M,CPI,261902
Tamil Nadu,3,Chennai South,GEN,C. Rajendran,M,AIADMK,308567,Bharathy R.S,M,DMK,275632
Tamil Nadu,4,Chennai Central,GEN,Thiru Dayanidhi Maran,M,DMK,285783,Mogamed Ali Jinnah S.M.K,M,ADMK,252329
Tamil Nadu,5,Sriperumbudur,GEN,Thiru Thalikkottai Rajuthevar Baalu,M,DMK,352641,Moorthy A K,M,PMK,327605
Tamil Nadu,6,Kancheepuram,(SC),Viswanathan Perumal,M,INC,330237,Dr.E Ramakrishnan,M,ADMK,317134
Tamil Nadu,7,Arakkonam,GEN,S. Jagathrakshakan,M,DMK,415041,Velu R,M,PMK,305245
Tamil Nadu,8,Vellore,GEN,Abdul Rahman,M,DMK,360474,Vasu L K M B,M,ADMK,253081
Tamil Nadu,9,Krishnagiri,GEN,E.G. Sugavanam,M,DMK,335977,Nanjegowdu. K.,M,ADMK,259379
Tamil Nadu,10,Dharmapuri,GEN,R. Thamaraiselvan,M,DMK,365812,Senthil. R. Dr.,M,PMK,229870
Tamil Nadu,11,Tiruvannamalai,GEN,Thiru Danapal Venugopal,M,DMK,436866,Guru (A) Gurunathan. J,M,PMK,288566
Tamil Nadu,12,Arani,GEN,M. Krishnasswamy,M,INC,396728,Subramaniyan N,M,ADMK,289898
Tamil Nadu,13,Viluppuram,(SC),K. Murugesan Anandan,M,AIADMK,306826,Swamidurai K,M,VCK,304029
Tamil Nadu,14,Kallakurichi,GEN,Adhi Sankar,M,DMK,363601,Dhanaraju K,M,PMK,254993
Tamil Nadu,15,Salem,GEN,S. Semmalai,M,AIADMK,380460,Thangkabalu K V,M,INC,333969
Tamil Nadu,16,Namakkal,GEN,S. Gandhiselvan,M,DMK,371476,Vairam Tamilarasi.V,M,ADMK,269045
Tamil Nadu,17,Erode,GEN,A. Ganeshamurthi,M,MDMK,284148,Elangovan.E.V.K.S.,M,INC,234812
Tamil Nadu,18,Tiruppur,GEN,C. Sivasami,M,AIADMK,295731,Kharventhan S K,M,INC,210385
Tamil Nadu,19,Nilgiris,(SC),Andimuthu Raja,M,DMK,316802,Krishnan C,M,MDMK,230781
Tamil Nadu,20,Coimbatore,GEN,P.R. Natarajan,M,CPM,293165,Prabhu.R,M,INC,254501
Tamil Nadu,21,Pollachi,GEN,K. Sugumar,M,AIADMK,305935,Shanmugasundaram.K,M,DMK,259910
Tamil Nadu,22,Dindigul,GEN,N.S.V. Chitthan,M,INC,361545,Baalasubramani P,M,ADMK,307198
Tamil Nadu,23,Karur,GEN,Dr. Munisamy Thambidurai,M,AIADMK,380542,Pallanishamy. K.C,M,DMK,333288
Tamil Nadu,24,Tiruchirappalli,GEN,P. Kumar,M,AIADMK,298710,Sarubala.R.Thondaiman Lalitha,M,INC,294375
Tamil Nadu,25,Perambalur,GEN,D. Napoleon,M,DMK,398742,"Balasubramanian,K.K.",M,ADMK,321138
Tamil Nadu,26,Cuddalore,GEN,Sambandam Keerapalayam Alagiri,M,INC,320473,Sampath M C,M,ADMK,296941
Tamil Nadu,27,Chidambaram,(SC),Thirumaa Valavan Thol,M,VCK,428804,"Ponnuswamy,E",M,PMK,329721
Tamil Nadu,28,Mayiladuthurai,GEN,O. S. Manian,M,AIADMK,364089,Mani Shankar Aiyar,M,INC,327235
Tamil Nadu,29,Nagapattinam,(SC),A.K.S. Vijayan,M,DMK,369915,Selvaraj M,M,CPI,321953
Tamil Nadu,30,Thanjavur,GEN,S.S. Palanimanickam,M,DMK,408343,Durai.Balakrishnan,M,MDMK,306556
Tamil Nadu,31,Sivaganga,GEN,Palaniappan Chidambaram,M,INC,334348,Raja Kannappan R.S.,M,ADMK,330994
Tamil Nadu,32,Madurai,GEN,M. K. Alagiri,M,DMK,431295,Mohan P ,M,CPM,290310
Tamil Nadu,33,Theni,GEN,J.M. Aaroon Rasheed,M,INC,340575,Thanga Tamilselvan,M,ADMK,334273
Tamil Nadu,34,Virudhunagar,GEN,Manicka Tagore,M,INC,307187,Vaiko,M,MDMK,291423
Tamil Nadu,35,Ramanathapuram,GEN,K. Alias J.K. Ritheesh Shivakumar ,M,DMK,294945,Sathiamoorthy. V,M,ADMK,225030
Tamil Nadu,36,Thoothukkudi,GEN,S. R. Jeyadurai,M,DMK,311017,Cynthia Pandian.Dr,M,ADMK,234368
Tamil Nadu,37,Tenkasi,(SC),P. Lingam,M,CPI,281174,Vellaipandi G,M,INC,246497
Tamil Nadu,38,Tirunelveli,GEN,S.S. Ramasubbu,M,INC,274932,Annamalai K,M,ADMK,253629
Tamil Nadu,39,Kanniyakumari,GEN,Smt. Davidson J. Helen,F,DMK,320161,Radhakrishnan P,M,BJP,254474
Tripura,1,Tripura West,GEN,Khagen Das,M,CPM,563799,Sudip Roy Barman,M,INC,315250
Tripura,2,Tripura East,(ST),Baju Ban Riyan,M,CPM,521084,Diba Chandra Hrangkhawl,M,INC,225503
Uttar Pradesh,1,Saharanpur,GEN,Jagdish Singh Rana,M,BSP,354807,Rasheed Masood,M,SP,269934
Uttar Pradesh,2,Kairana,GEN,Begum Tabassum Hasan,F,BSP,283259,Hukum Singh,M,BJP,260796
Uttar Pradesh,3,Muzaffarnagar,GEN,Kadir Rana,M,BSP,275318,Anuradha Chaudhary,M,RLD,254720
Uttar Pradesh,4,Bijnor,GEN,Sanjay Singh Chauhan,M,RLD,244587,Shahid Siddiqui,M,BSP,216157
Uttar Pradesh,5,Nagina,(SC),Yashvir Singh,M,SP,234815,Ram Kishan Singh,M,BSP,175127
Uttar Pradesh,6,Moradabad,GEN,Mohammed Azharuddin,M,INC,301283,Kunwar Sarvesh Kumar Alias Rakesh,M,BJP,252176
Uttar Pradesh,7,Rampur,GEN,Smt. P. Jaya Prada Nahata,F,SP,230724,Begum Noor Bano Urf Mehtab Zamani Begum,M,BJP,199793
Uttar Pradesh,8,Sambhal,GEN,Shafiqur Rahman Barq,M,BSP,207422,Iqbal Mehmood,M,SP,193958
Uttar Pradesh,9,Amroha,GEN,Devendra Nagpal,M,RLD,283182,Mehboob Ali,M,SP,191099
Uttar Pradesh,10,Meerut,GEN,Rajendra Agrawal,M,BJP,232137,Malook Nagar,M,BSP,184991
Uttar Pradesh,11,Baghpat,GEN,Ajit Singh,M,RLD,238638,Mukesh Sharma,M,BSP,175611
Uttar Pradesh,12,Ghaziabad,GEN,Rajnath Singh,M,BJP,359637,Surendra Prakash Goel,M,INC,268956
Uttar Pradesh,13,Gautam Buddha Nagar,GEN,Surendra Singh Nagar,M,BSP,245613,Mahesh Kumar Sharma,M,BJP,229709
Uttar Pradesh,14,Bulandshahr,(SC),Kamlesh Balmiki,M,SP,236257,Ashok Kumar Pradhan,M,BJP,170192
Uttar Pradesh,15,Aligarh,GEN,Smt. Raj Kumari Chauhan,F,BSP,193444,Zafar Alam,M,SP,176887
Uttar Pradesh,16,Hathras,(SC),Smt. Sarika Devendra Singh Baghel,F,RLD,247927,Rajendra Kumar,M,BSP,211075
Uttar Pradesh,17,Mathura,GEN,Jayant Chaudhary,M,RLD,379870,Shyam Sunder Sharma,M,BSP,210257
Uttar Pradesh,18,Agra,(SC),Prof.(Dr.) Ram Shankar,M,BJP,203697,Kunwar Chand (Vakil),M,BSP,193982
Uttar Pradesh,19,Fatehpur Sikri,GEN,Smt. Seema Upadhyay,F,BSP,209466,Raj Babbar,M,INC,199530
Uttar Pradesh,20,Firozabad,GEN,Akhilesh Yadav,M,INC,287011,Prof. S.P. Singh Baghel,M,BSP,219710
Uttar Pradesh,<b>By Polls (2009)</b>,Firozabad,GEN,Raj Babbar,M,INC,312728,Dimple Yadav,F,SP,227385
Uttar Pradesh,21,Mainpuri,GEN,Mulayam Singh Yadav,M,SP,392308,Vinay Shakya,M,BSP,219239
Uttar Pradesh,22,Etah,GEN,Kalyan Singh,M,IND,275717,Kunwar Devendra Singh Yadav,M,BSP,147449
Uttar Pradesh,23,Badaun,GEN,Dharmendra Yadav,M,SP,233744,Dharam Yadav Urf D. P.Yadav,M,BSP,201202
Uttar Pradesh,24,Aonla,GEN,Smt. Maneka Gandhi,F,BJP,216503,Dharmendra Kumar,M,SP,208822
Uttar Pradesh,25,Bareilly,GEN,Praveen Singh. Aron,M,INC,220976,Santosh Gangwar,M,BJP,211638
Uttar Pradesh,26,Pilibhit,GEN,Feroze Varun Gandhi,M,BJP,419539,V. M. Singh,M,INC,138038
Uttar Pradesh,27,Shahjahanpur,(SC),Mithlesh Kumar,M,SP,257033,Sunita Singh,M,BSP,186454
Uttar Pradesh,28,Kheri,GEN,Zafar Ali Naqvi,M,INC,184982,Iliyas Azmi,M,BSP,176205
Uttar Pradesh,29,Dhaurahra,GEN,Jitin Prasada,M,INC,391391,Rajesh Kumar Singh Alias Rajesh Verma,M,BSP,206882
Uttar Pradesh,30,Sitapur,GEN,Smt. Kaisar Jahan,F,BSP,241106,Mahendra Singh Verma,M,SP,221474
Uttar Pradesh,31,Hardoi,(SC),Smt. Usha Verma,F,SP,294030,Ram Kumar Kuril,M,BSP,201095
Uttar Pradesh,32,Misrikh,(SC),Ashok Kumar Rawat,M,BSP,207627,Shyam Prakash,M,SP,184335
Uttar Pradesh,33,Unnao,GEN,Smt. Annu Tandon,F,INC,475476,Arunshankarshukla,M,BSP,173384
Uttar Pradesh,34,Mohanlalganj,(SC),Smt. Sushila Saroj,F,SP,256367,Jai Prakash,M,BSP,179772
Uttar Pradesh,35,Lucknow,GEN,Lal Ji Tandon,M,BJP,204028,Rita Bahuguna Joshi,F,INC,163127
Uttar Pradesh,36,Rae Bareli,GEN,Smt. Sonia Gandhi,F,INC,481490,R.S.Kushwaha,M,BSP,109325
Uttar Pradesh,37,Amethi,GEN,Rahul Gandhi,M,INC,464195,Asheesh Shukla,M,BSP,93997
Uttar Pradesh,38,Sultanpur,GEN,Dr. Sanjay Sinh,M,INC,300411,Mohd.Tahir,M,BSP,201632
Uttar Pradesh,39,Pratapgarh,GEN,Rajkumari Ratna Singh,F,INC,169137,Prof. Shivakant Ojha,M,BSP,139358
Uttar Pradesh,40,Farrukhabad,GEN,Salman Khurshid,M,INC,169351,Naresh Chandra Agrawal,M,BSP,142152
Uttar Pradesh,41,Etawah,(SC),Premdas Katheria,M,SP,278776,Gaurishanker,M,BSP,232030
Uttar Pradesh,42,Kannauj,GEN,Akhilesh Yadav ,M,SP,337751,Dr. Mahesh Chandra Verma,M,BSP,221887
Uttar Pradesh,<b>By Polls (2012)</b>,Kannauj,GEN,Dimple Yadav,F,SP, ,Uncontested, , , 
Uttar Pradesh,43,Kanpur,GEN,Sriprakash Jaiswal,M,INC,214988,Sukhda Mishra,M,BJP,196082
Uttar Pradesh,44,Akbarpur,GEN,Raja Ram Pal,M,INC,192549,Anil Shukla Warsi,M,BSP,160506
Uttar Pradesh,45,Jalaun,(SC),Ghanshyam Anuragi,M,SP,283023,Tilak Chandra Ahirwar,M,SC,271614
Uttar Pradesh,46,Jhansi,GEN,Pradeep Kumar Jain Aditya ,M,INC,252712,Ramesh Kumar Sharma,M,BSP,205042
Uttar Pradesh,47,Hamirpur,GEN,Vijay Bahadur Singh,M,BSP,199143,Siddha Gopal Sahu,M,INC,173641
Uttar Pradesh,48,Banda,GEN,R.K. Singh Patel,M,SP,240948,Bhairon Prasad Mishra,M,BSP,206355
Uttar Pradesh,49,Fatehpur,GEN,Rakesh Sachan,M,SP,218953,Mahendra Prasad Nishad,M,BSP,166725
Uttar Pradesh,50,Kaushambi,(SC),Shailendra Kumar,M,SP,246501,Girish Chandra Pasi,M,BSP,190712
Uttar Pradesh,51,Phulpur,GEN,Kapil Muni Karwariya,M,BSP,167542,Shyama Charan Gupta,M,SP,152964
Uttar Pradesh,52,Allahabad,GEN,Kunwar Rewati Raman Singh,M,SP,209431,Ashok Kumar Bajpai,M,BSP,174511
Uttar Pradesh,53,Barabanki,(SC),P.L. Punia,M,INC,328418,Ram Sagar,M,SP,160505
Uttar Pradesh,54,Faizabad,GEN,Dr. Nirmal Khatri,M,INC,211543,Mitrasen,M,SP,157315
Uttar Pradesh,55,Ambedkar Nagar,GEN,Rakesh Pandey,M,BSP,259487,Shankhlal Majhi,M,SP,236751
Uttar Pradesh,56,Bahraich,(SC),Kamal Kishor,M,INC,160005,Lal Mani Prasad,M,BSP,121052
Uttar Pradesh,57,Kaiserganj,GEN,Brijbhushan Sharan Singh,M,SP,196063,Surendra Nath Awasthi,M,BSP,123864
Uttar Pradesh,58,Shravasti,GEN,"Dr. Vinay Kumar ""Vinnu"" Pandey",M,INC,201556,Rizvan Zaheer,M,BSP,159527
Uttar Pradesh,59,Gonda,GEN,Beni Prasad Verma,M,INC,155675,Kirti Vardhan Singh (Raja Bhaiya),M,BSP,132000
Uttar Pradesh,60,Domariyaganj,GEN,Jagdambika Pal ,M,INC,229872,Jai Pratap Singh,M,BJP,153306
Uttar Pradesh,61,Basti,GEN,Arvind Kumar Chaudhary,M,BSP,268666,Raj Kishor Singh,M,SP,163456
Uttar Pradesh,62,Sant Kabir Nagar,GEN,Bhismshankar Alias Kushal Tiwari ,M,BSP,211043,Bhal Chandra Yadav,M,SP,171045
Uttar Pradesh,63,Maharajganj,GEN,Harsh Vardhan,M,INC,305474,Ganesh Shanker Pandey,M,BSP,181846
Uttar Pradesh,64,Gorakhpur,GEN,Yogi Adityanath ,M,BJP,403156,Vinay Shankar Tiwari,M,BSP,182885
Uttar Pradesh,65,Kushi Nagar,GEN,Ratanjit Pratap Narain Singh,M,INC,223954,Swami Prasad Maurya,M,BSP,202860
Uttar Pradesh,66,Deoria,GEN,Gorakh Prasad Jaiswal,M,BSP,219889,Prakash Mani Tripathi,M,BJP,178110
Uttar Pradesh,67,Bansgaon,(SC),Kamlesh Paswan,M,BJP,223011,Shree Nath Ji,M,BSP,170224
Uttar Pradesh,68,Lalganj,(SC),Dr. Baliram,M,BSP,207998,Neelam Sonkar,M,BJP,168050
Uttar Pradesh,69,Azamgarh,GEN,Ramakant Yadav,M,BJP,247648,Akbar Ahmad Dumpy,M,BSP,198609
Uttar Pradesh,70,Ghosi,GEN,Dara Singh Chauhan,M,BSP,220695,Arshad Jamal Ansari,M,SP,159750
Uttar Pradesh,71,Salempur,GEN,Ramashankar Rajbhar,M,BSP,175088,Dr. Bhola Pandey,M,INC,156783
Uttar Pradesh,72,Ballia,GEN,Neeraj Shekhar ,M,SP,276649,Sangram Singh Yadav,M,BSP,204094
Uttar Pradesh,73,Jaunpur,GEN,Dhananjay Singh,M,BSP,302618,Paras Nath Yadava,M,SP,222267
Uttar Pradesh,74,Machhlishahr,(SC),Tufani Saroj,M,SP,223152,Kamla Kant Gautam,M,BSP,198846
Uttar Pradesh,75,Ghazipur,GEN,Radhe Mohan Singh,M,SP,379233,Afzal Ansari,M,BSP,309924
Uttar Pradesh,76,Chandauli,GEN,Ramkishun,M,SP,180114,Kailash Nath Singh Yadav,M,BSP,179655
Uttar Pradesh,77,Varanasi,GEN,Dr. Murli Manohar Joshi,M,BJP,203122,Mukhtar Ansari,M,BSP,185911
Uttar Pradesh,78,Bhadohi,GEN,Gorakh Nath Pandey,M,BSP,195808,Chhotelal Bind,M,SP,182845
Uttar Pradesh,79,Mirzapur,GEN,Bal Kumar Patel,M,SP,218898,Anil Kumar Maurya,M,BSP,199216
Uttar Pradesh,80,Robertsganj,(SC),Pakauri Lal,M,SP,216478,Ram Chandra Tyagi,M,BSP,166219
Uttarakhand ,1,Tehri Garhwal,GEN,Vijay Bahuguna,M,INC,263083,Jaspal Rana,M,BJP,210144
Uttarakhand ,<b>By Polls (2012)</b>,Tehri Garhwal,GEN,Smt. Mala Rajya Laxmi Shah,F,BJP,245835,Saket Bahuguna,F,INC,223141
Uttarakhand ,2,Garhwal,GEN,Satpal Maharaj,M,INC,236949,"Lt. Gen(Retd) Tejpal Singh Rawat P.V.S.M, V.S.M",M,BJP,219552
Uttarakhand ,3,Almora,(SC),Pradeep Tamta,M,INC,200824,Ajay Tamta,M,BJP,193874
Uttarakhand ,4,Nainital-Udhamsingh Nagar,GEN,K.C. Singh Baba,M,INC,321377,Bachi Singh Rawat,M,BJP,232965
Uttarakhand ,5,Hardwar,GEN,Harish Rawat,M,INC,332235,Swami Yatindranand Giri,M,BJP,204823
West Bengal,1,Cooch Behar,(SC),Nripendra Nath Roy,M,AIFB,500677,Arghya Roy Pradhan,M,AITC,466928
West Bengal,2,Alipurduars,(SC),Manohar Tirkey,M,RSP,384890,Paban Kumar Lakra,M,AITC,272068
West Bengal,3,Jalpaiguri,(SC),Mahendra Kumar Roy,M,CPM,469613,Barma Sukhbilas,M,INC,381242
West Bengal,4,Darjeeling,GEN,Jaswant Singh,M,BJP,497649,Jibesh Sarkar,M,CPM,244360
West Bengal,5,Raiganj,GEN,Smt. Deepa Dasmunsi,F,INC,451776,Bireswar Lahiri,M,CPM,346573
West Bengal,6,Balurghat,GEN,Prasanta Kumar Majumdar,M,RSP,388444,Biplab Mitra,M,AITC,383339
West Bengal,7,Maldaha Uttar,GEN,Smt. Mausam Noor,F,INC,440264,Sailen Sarkar,M,CPM,380123
West Bengal,8,Maldaha Dakshin,GEN,Abu Hasem Khan Choudhury,M,INC,443377,Abdur Razzaque,M,CPM,307097
West Bengal,9,Jangipur,GEN,Pranab Mukherjee,M,INC,506749,Mriganka Sekhar Bhattacharya,M,CPM,378600
West Bengal,<b>By Polls (2012)</b>,Jangipur,GEN,Abhijit Mukherjee,M,INC,332919,Muzaffar Hossain,M,CPM,330383
West Bengal,10,Baharampur,GEN,Adhir Ranjan Chowdhury,M,INC,541920,Pramothes Mukherjee,M,RSP,354943
West Bengal,11,Murshidabad,GEN,Abdul Mannan Hossain,M,INC,496348,Anisur Rahaman Sarkar,M,CPM,460701
West Bengal,12,Krishnanagar,GEN,Tapas Paul,M,AITC,443679,Jyotirmoyee Sikdar,M,CPM,366293
West Bengal,13,Ranaghat,(SC),Dr. Sucharu Ranjan Haldar,M,AITC,575058,Basudeb Barman,M,CPM,473235
West Bengal,14,Bangaon,(SC),Gobinda Chandra Naskar,M,AITC,546596,Asim Bala,M,CPM,453770
West Bengal,15,Barrackpore,GEN,Dinesh Trivedi,M,AITC,428699,Tarit Baran Topdar,M,CPM,372675
West Bengal,16,Dum Dum,GEN,Prof. Saugata Roy,M,AITC,458988,Amitava Nandy,M,CPM,438510
West Bengal,17,Barasat,GEN,Dr. (Smt.) Kakoli Ghosh Dastidar,F,AITC,522530,Sudin Chattopadhyay,M,AIFB,399629
West Bengal,18,Basirhat,GEN,Sk. Nurul Islam,M,AITC,479650,Ajay Chakraborty,M,CPI,419267
West Bengal,19,Joynagar,(SC),Dr. Tarun Mandal,M,IND,446200,Nimai Barman,M,RSP,392495
West Bengal,20,Mathurapur,(SC),Choudhury Mohan Jatua,M,AITC,565505,Animesh Naskar,M,CPM,435542
West Bengal,21,Diamond Harbour,GEN,Somendra Nath Mitra,M,AITC,564612,Samik Lahiri,M,CPM,412923
West Bengal,22,Jadavpur,GEN,Kabir Suman,M,AITC,540667,Sujan Chakraborty,M,CPM,484400
West Bengal,23,ata Dakshin,GEN,"Mamata Banerjee
 ",M,AITC,576045,Rabin Deb,M,CPM,356474
West Bengal,<b>By Polls (2011)</b>,Kolkata Dakshin,GEN,Subrata Bakshi,F,AITC,516761,R. Banerjee,M,CPM,286662
West Bengal,24,Kolkata Uttar,GEN,Sudip Bandyopadhyay,M,AITC,460646,Md. Salim,M,CPM,351368
West Bengal,25,Howrah,GEN,Ambica Banerjee,M,AITC,477449,Swadesh Chakrabortty,M,CPM,440057
West Bengal,<b>By Polls (2013)</b>,Howrah,GEN,Prasun Banerjee,M,AITC,426387,Sridip Bhattacharya,M,CPI(M) ,399422
West Bengal,26,Uluberia,GEN,Sultan Ahmed,M,AITC,514193,Hannan Mollah,M,CPM,415257
West Bengal,27,Serampore,GEN,Kalyan Banerjee,M,AITC,569725,Santasri Chatterjee,M,CPM,432535
West Bengal,28,Hooghly,GEN,Dr. Ratna De Nag,F,AITC,574022,Rupchand Pal,M,CPM,492499
West Bengal,29,Arambagh,(SC),Sakti Mohan Malik,M,CPM,630254,Sambhu Nath Malik,M,INC,428696
West Bengal,30,Tamluk,GEN,Suvendu Adhikari,M,AITC,637664,Lakshman Chandra Seth,M,CPM,464706
West Bengal,31,Kanthi,GEN,Sisir Kumar Adhikari ,M,AITC,606712,Prasanta Pradhan,M,CPM,477609
West Bengal,32,Ghatal,GEN,Gurudas Dasgupta,M,CPI,625923,Nure Alam Chowdhury,M,AITC,478739
West Bengal,33,Jhargram,(ST),Dr. Pulin Bihari Baske,M,CPM,545231,Amrit Hansda,M,INC,252886
West Bengal,34,Medinipur,GEN,Prabodh Panda,M,CPI,493021,Dipak Kumar Ghosh,M,AITC,445004
West Bengal,35,Purulia,GEN,Narahari Mahato,M,AIFB,399201,Shantiram Mahato,M,INC,379900
West Bengal,36,Bankura,GEN,Basudeb Acharia,M,CPM,469223,Subrata Mukherjee,M,INC,361421
West Bengal,37,Bishnupur,(SC),Smt. Susmita Bauri,F,CPM,541075,Seuli Saha,M,AITC,411709
West Bengal,38,Bardhaman Purba,(SC),Dr. Anup Kumar Saha,M,CPM,531987,Ashoke Biswas,M,AITC,472568
West Bengal,39,Bardhaman-Durgapur,GEN,Prof. Sk. Saidul Haque,M,CPM,573399,Nargis Begum,M,INC,465162
West Bengal,40,Asansol,GEN,Bansa Gopal Chowdhury,M,CPM,435161,Ghatak Moloy,M,AITC,362205
West Bengal,41,Bolpur,(SC),Dr. Ram Chandra Dome,M,CPM,538383,Asit Kumar Mal,M,INC,411501
West Bengal,42,Birbhum,GEN,Smt. Satabdi Roy,F,AITC,486553,Braja Mukherjee,M,CPM,425034
